[
    {
        "@id": "http://trekking.fr/resource/Snow"
    },
    {
        "@id": "http://trekking.fr/resource/WalkingTour"
    },
    {
        "@id": "http://trekking.fr/resource/hiking",
        "@type": [
            "http://trekking.fr/resource/WalkingTour"
        ],
        "http://trekking.fr/ontology/name": [
            {
                "@value": "Hiking"
            }
        ],
        "http://trekking.fr/ontology/hasActivity": [
            {
                "@id": "http://trekking.fr/resource/TikalVolcanoes"
            }
        ]
    },
    {
        "@id": "http://trekking.fr/resource/snowshoe",
        "@type": [
            "http://trekking.fr/resource/Snow"
        ],
        "http://trekking.fr/ontology/name": [
            {
                "@value": "snowshoe"
            }
        ],
        "http://trekking.fr/ontology/hasActivity": [
            {
                "@id": "http://trekking.fr/resource/3000Queyras"
            }
        ]
    },

    {
        "@id": "http://trekking.fr/resource/Activity"
    },
    {
        "@id": "http://trekking.fr/resource/TikalVolcanoes",
        "@type": [
            "http://trekking.fr/resource/Activity"
        ],
        "http://trekking.fr/ontology/name": [
            {
                "@value": "From Mayan volcanoes to the temples of Tikal"
            }
        ],
        "http://trekking.fr/ontology/evaluation": [
            {
                "@value": 5
            }
        ],
        "http://trekking.fr/ontology/price": [
            {
                "@value": 3290
            }
        ],
        "http://trekking.fr/ontology/description": [
            {
                "@value": "Hike in Guatemala on the volcanic highlands and climb its main volcanoes, including Tajumulco (4200 m)."
            }
        ],
        "http://trekking.fr/ontology/hasDestination": [
            {
                "@id": "http://trekking.fr/resource/Guatemala"
            }
        ],
        "http://trekking.fr/ontology/hasTravelGroup": [
            {
                "@id": "http://trekking.fr/resource/TikalGroup"
            }
        ]
    },
    {
        "@id": "http://trekking.fr/resource/3000Queyras",
        "@type": [
            "http://trekking.fr/resource/Activity"
        ],
        "http://trekking.fr/ontology/name": [
            {
                "@value": "The 3000 of Queyras"
            }
        ],
        "http://trekking.fr/ontology/evaluation": [
            {
                "@value": 5
            }
        ],
        "http://trekking.fr/ontology/price": [
            {
                "@value": 525
            }
        ],
        "http://trekking.fr/ontology/description": [
            {
                "@value": "Alpine crossing of the Queyras massif by its most beautiful peaks: Pic Caramantran (3025 m), Sagnes Longues (3032 m) and Pic du Château Renard (2989 m)."
            }
        ],
        "http://trekking.fr/ontology/hasDestination": [
            {
                "@id": "http://trekking.fr/resource/France"
            }
        ],
        "http://trekking.fr/ontology/hasTravelGroup": [
            {
                "@id": "http://trekking.fr/resource/QueyrasGroup"
            }
        ]
    },

    {
        "@id": "http://trekking.fr/resource/Client"
    },
    {
        "@id": "http://trekking.fr/resource/Guide"
    },
    {
        "@id": "http://trekking.fr/resource/Man"
    },
    {
        "@id": "http://trekking.fr/resource/Woman"
    },
    {
        "@id": "http://trekking.fr/resource/Cesar",
        "@type": [
            "http://trekking.fr/resource/Guide",
            "http://trekking.fr/resource/Man"
        ],
        "http://trekking.fr/ontology/name": [
            {
                "@value": "Cesar"
            }
        ],
        "http://trekking.fr/ontology/age": [
            {
                "@value": 47
            }
        ],
        "http://trekking.fr/ontology/familyName": [
            {
                "@value": "Laurier"
            }
        ]
    },
    {
        "@id": "http://trekking.fr/resource/Charlie",
        "@type": [
            "http://trekking.fr/resource/Client",
            "http://trekking.fr/resource/Man"
        ],
        "http://trekking.fr/ontology/name": [
            {
                "@value": "Charlie"
            }
        ],
        "http://trekking.fr/ontology/age": [
            {
                "@value": 34
            }
        ],
        "http://trekking.fr/ontology/familyName": [
            {
                "@value": "Chocolat"
            }
        ]
    },
    {
        "@id": "http://trekking.fr/resource/Marc",
        "@type": [
            "http://trekking.fr/resource/Client",
            "http://trekking.fr/resource/Man"
        ],
        "http://trekking.fr/ontology/name": [
            {
                "@value": "Marc"
            }
        ],
        "http://trekking.fr/ontology/age": [
            {
                "@value": 46
            }
        ],
        "http://trekking.fr/ontology/familyName": [
            {
                "@value": "Down"
            }
        ]
    },
    {
        "@id": "http://trekking.fr/resource/Maya",
        "@type": [
            "http://trekking.fr/resource/Client",
            "http://trekking.fr/resource/Woman"
        ],
        "http://trekking.fr/ontology/name": [
            {
                "@value": "Maya"
            }
        ],
        "http://trekking.fr/ontology/age": [
            {
                "@value": 24
            }
        ],
        "http://trekking.fr/ontology/familyName": [
            {
                "@value": "Calendar"
            }
        ]
    },
    {
        "@id": "http://trekking.fr/resource/Natacha",
        "@type": [
            "http://trekking.fr/resource/Client",
            "http://trekking.fr/resource/Woman"
        ],
        "http://trekking.fr/ontology/name": [
            {
                "@value": "Natacha"
            }
        ],
        "http://trekking.fr/ontology/age": [
            {
                "@value": 28
            }
        ],
        "http://trekking.fr/ontology/familyName": [
            {
                "@value": "Swift"
            }
        ]
    },
    {
        "@id": "http://trekking.fr/resource/Gérard",
        "@type": [
            "http://trekking.fr/resource/Guide",
            "http://trekking.fr/resource/Man"
        ],
        "http://trekking.fr/ontology/name": [
            {
                "@value": "Gérard"
            }
        ],
        "http://trekking.fr/ontology/age": [
            {
                "@value": 37
            }
        ],
        "http://trekking.fr/ontology/familyName": [
            {
                "@value": "LeMontagnard"
            }
        ]
    },
    {
        "@id": "http://trekking.fr/resource/Ondine"
    },
    {
        "@id": "http://trekking.fr/resource/Pierre"
    },
    {
        "@id": "http://trekking.fr/resource/Sacha"
    },

    {
        "@id": "http://trekking.fr/resource/Country"
    },
    {
        "@id": "http://trekking.fr/resource/France",
        "@type": [
            "http://trekking.fr/resource/Country"
        ],
        "http://trekking.fr/ontology/name": [
            {
                "@value": "France"
            }
        ],
        "http://trekking.fr/ontology/description": [
            {
                "@value": "France is a country in Central Europa"
            }
        ]
    },
    {
        "@id": "http://trekking.fr/resource/Guatemala",
        "@type": [
            "http://trekking.fr/resource/Country"
        ],
        "http://trekking.fr/ontology/name": [
            {
                "@value": "Guatemala"
            }
        ],
        "http://trekking.fr/ontology/description": [
            {
                "@value": "Guatemala is a country in Central America"
            }
        ]
    },

    {
        "@id": "http://trekking.fr/resource/TravelGroup"
    },
    {
        "@id": "http://trekking.fr/resource/QueyrasGroup",
        "@type": [
            "http://trekking.fr/resource/TravelGroup"
        ],
        "http://trekking.fr/ontology/participantsMaxNumber": [
            {
                "@value": 4
            }
        ],
        "http://trekking.fr/ontology/departureDate": [
            {
                "@value": "2021-10-19",
                "@type": "http://www.w3.org/2001/XMLSchema#date"
            }
        ],
        "http://trekking.fr/ontology/hasGuide": [
            {
                "@id": "http://trekking.fr/resource/Gérard"
            }
        ],
        "http://trekking.fr/ontology/hasClient": [
            {
                "@id": "http://trekking.fr/resource/Sacha"
            },
            {
                "@id": "http://trekking.fr/resource/Ondine"
            },
            {
                "@id": "http://trekking.fr/resource/Pierre"
            }
        ]
    },
    {
        "@id": "http://trekking.fr/resource/TikalGroup",
        "@type": [
            "http://trekking.fr/resource/TravelGroup"
        ],
        "http://trekking.fr/ontology/participantsMaxNumber": [
            {
                "@value": 3
            }
        ],
        "http://trekking.fr/ontology/departureDate": [
            {
                "@value": "2021-10-15",
                "@type": "http://www.w3.org/2001/XMLSchema#date"
            }
        ],
        "http://trekking.fr/ontology/hasGuide": [
            {
                "@id": "http://trekking.fr/resource/Cesar"
            }
        ],
        "http://trekking.fr/ontology/hasClient": [
            {
                "@id": "http://trekking.fr/resource/Marc"
            },
            {
                "@id": "http://trekking.fr/resource/Charlie"
            },
            {
                "@id": "http://trekking.fr/resource/Natacha"
            }
        ]
    }
]